t,q,fisher,lineal,rbf
1,1.0,0.9333333333333333,1.0,0.9333333333333333
1,2.0,0.6666666666666666,1.0,0.9333333333333333
1,1.5,0.7333333333333333,1.0,0.9333333333333333
